Dzień;Czytanie 1;Czytanie 2;Czytanie 3;Czytanie 4
Dzień 1;Rdz 1;Mt 1;Ezd 1;Dz 1
Dzień 2;Rdz 2;Mt 2;Ezd 2;Dz 2
Dzień 3;Rdz 3;Mt 3;Ezd 3;Dz 3
Dzień 4;Rdz 4;Mt 4;Ezd 4;Dz 4
Dzień 5;Rdz 5;Mt 5;Ezd 5;Dz 5
Dzień 6;Rdz 6;Mt 6;Ezd 6;Dz 6
Dzień 7;Rdz 7;Mt 7;Ezd 7;Dz 7
Dzień 8;Rdz 8;Mt 8;Ezd 8;Dz 8
Dzień 9;Rdz 9–10;Mt 9;Ezd 9;Dz 9
Dzień 10;Rdz 11;Mt 10;Ezd 10;Dz 10
Dzień 11;Rdz 12;Mt 11;Ne 1;Dz 11
Dzień 12;Rdz 13;Mt 12;Ne 2;Dz 12
Dzień 13;Rdz 14;Mt 13;Ne 3;Dz 13
Dzień 14;Rdz 15;Mt 14;Ne 4;Dz 14
Dzień 15;Rdz 16;Mt 15;Ne 5;Dz 15
Dzień 16;Rdz 17;Mt 16;Ne 6;Dz 16
Dzień 17;Rdz 18;Mt 17;Ne 7;Dz 17
Dzień 18;Rdz 19;Mt 18;Ne 8;Dz 18
Dzień 19;Rdz 20;Mt 19;Ne 9;Dz 19
Dzień 20;Rdz 21;Mt 20;Ne 10;Dz 20
Dzień 21;Rdz 22;Mt 21;Ne 11;Dz 21
Dzień 22;Rdz 23;Mt 22;Ne 12;Dz 22
Dzień 23;Rdz 24;Mt 23;Ne 13;Dz 23
Dzień 24;Rdz 25;Mt 24;Est 1;Dz 24
Dzień 25;Rdz 26;Mt 25;Est 2;Dz 25
Dzień 26;Rdz 27;Mt 26;Est 3;Dz 26
Dzień 27;Rdz 28;Mt 27;Est 4;Dz 27
Dzień 28;Rdz 29;Mt 28;Est 5;Dz 28
Dzień 29;Rdz 30;Mk 1;Est 6;Rz 1
Dzień 30;Rdz 31;Mk 2;Est 7;Rz 2
Dzień 31;Rdz 32;Mk 3;Est 8;Rz 3
Dzień 32;Rdz 33;Mk 4;Est 9–10;Rz 4
Dzień 33;Rdz 34;Mk 5;Hi 1;Rz 5
Dzień 34;Rdz 35–36;Mk 6;Hi 2;Rz 6
Dzień 35;Rdz 37;Mk 7;Hi 3;Rz 7
Dzień 36;Rdz 38;Mk 8;Hi 4;Rz 8
Dzień 37;Rdz 39;Mk 9;Hi 5;Rz 9
Dzień 38;Rdz 40;Mk 10;Hi 6;Rz 10
Dzień 39;Rdz 41;Mk 11;Hi 7;Rz 11
Dzień 40;Rdz 42;Mk 12;Hi 8;Rz 12
Dzień 41;Rdz 43;Mk 13;Hi 9;Rz 13
Dzień 42;Rdz 44;Mk 14;Hi 10;Rz 14
Dzień 43;Rdz 45;Mk 15;Hi 11;Rz 15
Dzień 44;Rdz 46;Mk 16;Hi 12;Rz 16
Dzień 45;Rdz 47;Łk 1:1–38;Hi 13;1Kor 1
Dzień 46;Rdz 48;Łk 1:39–80;Hi 14;1Kor 2
Dzień 47;Rdz 49;Łk 2;Hi 15;1Kor 3
Dzień 48;Rdz 50;Łk 3;Hi 16–17;1Kor 4
Dzień 49;Wj 1;Łk 4;Hi 18;1Kor 5
Dzień 50;Wj 2;Łk 5;Hi 19;1Kor 6
Dzień 51;Wj 3;Łk 6;Hi 20;1Kor 7
Dzień 52;Wj 4;Łk 7;Hi 21;1Kor 8
Dzień 53;Wj 5;Łk 8;Hi 22;1Kor 9
Dzień 54;Wj 6;Łk 9;Hi 23;1Kor 10
Dzień 55;Wj 7;Łk 10;Hi 24;1Kor 11
Dzień 56;Wj 8;Łk 11;Hi 25–26;1Kor 12
Dzień 57;Wj 9;Łk 12;Hi 27;1Kor 13
Dzień 58;Wj 10;Łk 13;Hi 28;1Kor 14
Dzień 59;Wj 11;Łk 14;Hi 29;1Kor 15
Dzień 60;Wj 12;Łk 15;Hi 30;1Kor 16
Dzień 61;Wj 13;Łk 16;Hi 31;2Kor 1
Dzień 62;Wj 14;Łk 17;Hi 32;2Kor 2
Dzień 63;Wj 15;Łk 18;Hi 33;2Kor 3
Dzień 64;Wj 16;Łk 19;Hi 34;2Kor 4
Dzień 65;Wj 17;Łk 20;Hi 35;2Kor 5
Dzień 66;Wj 18;Łk 21;Hi 36;2Kor 6
Dzień 67;Wj 19;Łk 22;Hi 37;2Kor 7
Dzień 68;Wj 20;Łk 23;Hi 38;2Kor 8
Dzień 69;Wj 21;Łk 24;Hi 39;2Kor 9
Dzień 70;Wj 22;J 1;Hi 40;2Kor 10
Dzień 71;Wj 23;J 2;Hi 41;2Kor 11
Dzień 72;Wj 24;J 3;Hi 42;2Kor 12
Dzień 73;Wj 25;J 4;Prz 1;2Kor 13
Dzień 74;Wj 26;J 5;Prz 2;Ga 1
Dzień 75;Wj 27;J 6;Prz 3;Ga 2
Dzień 76;Wj 28;J 7;Prz 4;Ga 3
Dzień 77;Wj 29;J 8;Prz 5;Ga 4
Dzień 78;Wj 30;J 9;Prz 6;Ga 5
Dzień 79;Wj 31;J 10;Prz 7;Ga 6
Dzień 80;Wj 32;J 11;Prz 8;Ef 1
Dzień 81;Wj 33;J 12;Prz 9;Ef 2
Dzień 82;Wj 34;J 13;Prz 10;Ef 3
Dzień 83;Wj 35;J 14;Prz 11;Ef 4
Dzień 84;Wj 36;J 15;Prz 12;Ef 5
Dzień 85;Wj 37;J 16;Prz 13;Ef 6
Dzień 86;Wj 38;J 17;Prz 14;Flp 1
Dzień 87;Wj 39;J 18;Prz 15;Flp 2
Dzień 88;Wj 40;J 19;Prz 16;Flp 3
Dzień 89;Kpł 1;J 20;Prz 17;Flp 4
Dzień 90;Kpł 2–3;J 21;Prz 18;Kol 1
Dzień 91;Kpł 4;Ps 1–2;Prz 19;Kol 2
Dzień 92;Kpł 5;Ps 3–4;Prz 20;Kol 3
Dzień 93;Kpł 6;Ps 5–6;Prz 21;Kol 4
Dzień 94;Kpł 7;Ps 7–8;Prz 22;1Tes 1
Dzień 95;Kpł 8;Ps 9;Prz 23;1Tes 2
Dzień 96;Kpł 9;Ps 10;Prz 24;1Tes 3
Dzień 97;Kpł 10;Ps 11–12;Prz 25;1Tes 4
Dzień 98;Kpł 11–12;Ps 13–14;Prz 26;1Tes 5
Dzień 99;Kpł 13;Ps 15–16;Prz 27;2Tes 1
Dzień 100;Kpł 14;Ps 17;Prz 28;2Tes 2
Dzień 101;Kpł 15;Ps 18;Prz 29;2Tes 3
Dzień 102;Kpł 16;Ps 19;Prz 30;1Tm 1
Dzień 103;Kpł 17;Ps 20–21;Prz 31;1Tm 2
Dzień 104;Kpł 18;Ps 22;Koh 1;1Tm 3
Dzień 105;Kpł 19;Ps 23–24;Koh 2;1Tm 4
Dzień 106;Kpł 20;Ps 25;Koh 3;1Tm 5
Dzień 107;Kpł 21;Ps 26–27;Koh 4;1Tm 6
Dzień 108;Kpł 22;Ps 28–29;Koh 5;2Tm 1
Dzień 109;Kpł 23;Ps 30;Koh 6;2Tm 2
Dzień 110;Kpł 24;Ps 31;Koh 7;2Tm 3
Dzień 111;Kpł 25;Ps 32;Koh 8;2Tm 4
Dzień 112;Kpł 26;Ps 33;Koh 9;Tt 1
Dzień 113;Kpł 27;Ps 34;Koh 10;Tt 2
Dzień 114;Lb 1;Ps 35;Koh 11;Tt 3
Dzień 115;Lb 2;Ps 36;Koh 12;Flm 1
Dzień 116;Lb 3;Ps 37;Pnp 1;Hbr 1
Dzień 117;Lb 4;Ps 38;Pnp 2;Hbr 2
Dzień 118;Lb 5;Ps 39;Pnp 3;Hbr 3
Dzień 119;Lb 6;Ps 40–41;Pnp 4;Hbr 4
Dzień 120;Lb 7;Ps 42–43;Pnp 5;Hbr 5
Dzień 121;Lb 8;Ps 44;Pnp 6;Hbr 6
Dzień 122;Lb 9;Ps 45;Pnp 7;Hbr 7
Dzień 123;Lb 10;Ps 46–47;Pnp 8;Hbr 8
Dzień 124;Lb 11;Ps 48;Iz 1;Hbr 9
Dzień 125;Lb 12–13;Ps 49;Iz 2;Hbr 10
Dzień 126;Lb 14;Ps 50;Iz 3–4;Hbr 11
Dzień 127;Lb 15;Ps 51;Iz 5;Hbr 12
Dzień 128;Lb 16;Ps 52–54;Iz 6;Hbr 13
Dzień 129;Lb 17–18;Ps 55;Iz 7;Jk 1
Dzień 130;Lb 19;Ps 56–57;Iz 8;Jk 2
Dzień 131;Lb 20;Ps 58–59;Iz 9;Jk 3
Dzień 132;Lb 21;Ps 60–61;Iz 10;Jk 4
Dzień 133;Lb 22;Ps 62–63;Iz 11–12;Jk 5
Dzień 134;Lb 23;Ps 64–65;Iz 13;1P 1
Dzień 135;Lb 24;Ps 66–67;Iz 14;1P 2
Dzień 136;Lb 25;Ps 68;Iz 15;1P 3
Dzień 137;Lb 26;Ps 69;Iz 16;1P 4
Dzień 138;Lb 27;Ps 70–71;Iz 17–18;1P 5
Dzień 139;Lb 28;Ps 72;Iz 19–20;2P 1
Dzień 140;Lb 29;Ps 73;Iz 21;2P 2
Dzień 141;Lb 30;Ps 74;Iz 22;2P 3
Dzień 142;Lb 31;Ps 75–76;Iz 23;1J 1
Dzień 143;Lb 32;Ps 77;Iz 24;1J 2
Dzień 144;Lb 33;Ps 78:1–39;Iz 25;1J 3
Dzień 145;Lb 34;Ps 78:40–72;Iz 26;1J 4
Dzień 146;Lb 35;Ps 79;Iz 27;1J 5
Dzień 147;Lb 36;Ps 80;Iz 28;2J 1
Dzień 148;Pwt 1;Ps 81–82;Iz 29;3J 1
Dzień 149;Pwt 2;Ps 83–84;Iz 30;Jud 1
Dzień 150;Pwt 3;Ps 85;Iz 31;Ap 1
Dzień 151;Pwt 4;Ps 86–87;Iz 32;Ap 2
Dzień 152;Pwt 5;Ps 88;Iz 33;Ap 3
Dzień 153;Pwt 6;Ps 89;Iz 34;Ap 4
Dzień 154;Pwt 7;Ps 90;Iz 35;Ap 5
Dzień 155;Pwt 8;Ps 91;Iz 36;Ap 6
Dzień 156;Pwt 9;Ps 92–93;Iz 37;Ap 7
Dzień 157;Pwt 10;Ps 94;Iz 38;Ap 8
Dzień 158;Pwt 11;Ps 95–96;Iz 39;Ap 9
Dzień 159;Pwt 12;Ps 97–98;Iz 40;Ap 10
Dzień 160;Pwt 13–14;Ps 99–101;Iz 41;Ap 11
Dzień 161;Pwt 15;Ps 102;Iz 42;Ap 12
Dzień 162;Pwt 16;Ps 103;Iz 43;Ap 13
Dzień 163;Pwt 17;Ps 104;Iz 44;Ap 14
Dzień 164;Pwt 18;Ps 105;Iz 45;Ap 15
Dzień 165;Pwt 19;Ps 106;Iz 46;Ap 16
Dzień 166;Pwt 20;Ps 107;Iz 47;Ap 17
Dzień 167;Pwt 21;Ps 108–109;Iz 48;Ap 18
Dzień 168;Pwt 22;Ps 110–111;Iz 49;Ap 19
Dzień 169;Pwt 23;Ps 112–113;Iz 50;Ap 20
Dzień 170;Pwt 24;Ps 114–115;Iz 51;Ap 21
Dzień 171;Pwt 25;Ps 116;Iz 52;Ap 22
Dzień 172;Pwt 26;Ps 117–118;Iz 53;Mt 1
Dzień 173;Pwt 27;Ps 119:1–24;Iz 54;Mt 2
Dzień 174;Pwt 28;Ps 119:25–48;Iz 55;Mt 3
Dzień 175;Pwt 29;Ps 119:49–72;Iz 56;Mt 4
Dzień 176;Pwt 30;Ps 119:73–96;Iz 57;Mt 5
Dzień 177;Pwt 31;Ps 119:97–120;Iz 58;Mt 6
Dzień 178;Pwt 32;Ps 119:121–144;Iz 59;Mt 7
Dzień 179;Pwt 33–34;Ps 119:145–176;Iz 60;Mt 8
Dzień 180;Joz 1;Ps 120–122;Iz 61;Mt 9
Dzień 181;Joz 2;Ps 123–125;Iz 62;Mt 10
Dzień 182;Joz 3;Ps 126–128;Iz 63;Mt 11
Dzień 183;Joz 4;Ps 129–131;Iz 64;Mt 12
Dzień 184;Joz 5;Ps 132–134;Iz 65;Mt 13
Dzień 185;Joz 6;Ps 135–136;Iz 66;Mt 14
Dzień 186;Joz 7;Ps 137–138;Jr 1;Mt 15
Dzień 187;Joz 8;Ps 139;Jr 2;Mt 16
Dzień 188;Joz 9;Ps 140–141;Jr 3;Mt 17
Dzień 189;Joz 10;Ps 142–143;Jr 4;Mt 18
Dzień 190;Joz 11;Ps 144;Jr 5;Mt 19
Dzień 191;Joz 12–13;Ps 145;Jr 6;Mt 20
Dzień 192;Joz 14–15;Ps 146–147;Jr 7;Mt 21
Dzień 193;Joz 16–17;Ps 148;Jr 8;Mt 22
Dzień 194;Joz 18–19;Ps 149–150;Jr 9;Mt 23
Dzień 195;Joz 20–21;Dz 1;Jr 10;Mt 24
Dzień 196;Joz 22;Dz 2;Jr 11;Mt 25
Dzień 197;Joz 23;Dz 3;Jr 12;Mt 26
Dzień 198;Joz 24;Dz 4;Jr 13;Mt 27
Dzień 199;Sdz 1;Dz 5;Jr 14;Mt 28
Dzień 200;Sdz 2;Dz 6;Jr 15;Mk 1
Dzień 201;Sdz 3;Dz 7;Jr 16;Mk 2
Dzień 202;Sdz 4;Dz 8;Jr 17;Mk 3
Dzień 203;Sdz 5;Dz 9;Jr 18;Mk 4
Dzień 204;Sdz 6;Dz 10;Jr 19;Mk 5
Dzień 205;Sdz 7;Dz 11;Jr 20;Mk 6
Dzień 206;Sdz 8;Dz 12;Jr 21;Mk 7
Dzień 207;Sdz 9;Dz 13;Jr 22;Mk 8
Dzień 208;Sdz 10;Dz 14;Jr 23;Mk 9
Dzień 209;Sdz 11;Dz 15;Jr 24;Mk 10
Dzień 210;Sdz 12;Dz 16;Jr 25;Mk 11
Dzień 211;Sdz 13;Dz 17;Jr 26;Mk 12
Dzień 212;Sdz 14;Dz 18;Jr 27;Mk 13
Dzień 213;Sdz 15;Dz 19;Jr 28;Mk 14
Dzień 214;Sdz 16;Dz 20;Jr 29;Mk 15
Dzień 215;Sdz 17;Dz 21;Jr 30–31;Mk 16
Dzień 216;Sdz 18;Dz 22;Jr 32;Łk 1
Dzień 217;Sdz 19;Dz 23;Jr 33;Łk 2
Dzień 218;Sdz 20;Dz 24;Jr 34;Łk 3
Dzień 219;Sdz 21;Dz 25;Jr 35;Łk 4
Dzień 220;Rt 1;Dz 26;Jr 36;Łk 5
Dzień 221;Rt 2;Dz 27;Jr 37;Łk 6
Dzień 222;Rt 3–4;Dz 28;Jr 38;Łk 7
Dzień 223;1Sm 1;Rz 1;Jr 39;Łk 8
Dzień 224;1Sm 2;Rz 2;Jr 40;Łk 9
Dzień 225;1Sm 3;Rz 3;Jr 41;Łk 10
Dzień 226;1Sm 4;Rz 4;Jr 42;Łk 11
Dzień 227;1Sm 5–6;Rz 5;Jr 43;Łk 12
Dzień 228;1Sm 7–8;Rz 6;Jr 44–45;Łk 13
Dzień 229;1Sm 9;Rz 7;Jr 46;Łk 14
Dzień 230;1Sm 10;Rz 8;Jr 47;Łk 15
Dzień 231;1Sm 11;Rz 9;Jr 48;Łk 16
Dzień 232;1Sm 12;Rz 10;Jr 49;Łk 17
Dzień 233;1Sm 13;Rz 11;Jr 50;Łk 18
Dzień 234;1Sm 14;Rz 12;Jr 51;Łk 19
Dzień 235;1Sm 15;Rz 13;Jr 52;Łk 20
Dzień 236;1Sm 16;Rz 14;Lm 1;Łk 21
Dzień 237;1Sm 17;Rz 15;Lm 2;Łk 22
Dzień 238;1Sm 18;Rz 16;Lm 3;Łk 23
Dzień 239;1Sm 19;1Kor 1;Lm 4;Łk 24
Dzień 240;1Sm 20;1Kor 2;Lm 5;J 1
Dzień 241;1Sm 21–22;1Kor 3;Ez 1;J 2
Dzień 242;1Sm 23;1Kor 4;Ez 2;J 3
Dzień 243;1Sm 24;1Kor 5;Ez 3;J 4
Dzień 244;1Sm 25;1Kor 6;Ez 4;J 5
Dzień 245;1Sm 26;1Kor 7;Ez 5;J 6
Dzień 246;1Sm 27;1Kor 8;Ez 6;J 7
Dzień 247;1Sm 28;1Kor 9;Ez 7;J 8
Dzień 248;1Sm 29–30;1Kor 10;Ez 8;J 9
Dzień 249;1Sm 31;1Kor 11;Ez 9;J 10
Dzień 250;2Sm 1;1Kor 12;Ez 10;J 11
Dzień 251;2Sm 2;1Kor 13;Ez 11;J 12
Dzień 252;2Sm 3;1Kor 14;Ez 12;J 13
Dzień 253;2Sm 4–5;1Kor 15;Ez 13;J 14
Dzień 254;2Sm 6;1Kor 16;Ez 14;J 15
Dzień 255;2Sm 7;2Kor 1;Ez 15;J 16
Dzień 256;2Sm 8–9;2Kor 2;Ez 16;J 17
Dzień 257;2Sm 10;2Kor 3;Ez 17;J 18
Dzień 258;2Sm 11;2Kor 4;Ez 18;J 19
Dzień 259;2Sm 12;2Kor 5;Ez 19;J 20
Dzień 260;2Sm 13;2Kor 6;Ez 20;J 21
Dzień 261;2Sm 14;2Kor 7;Ez 21;Ps 1–2
Dzień 262;2Sm 15;2Kor 8;Ez 22;Ps 3–4
Dzień 263;2Sm 16;2Kor 9;Ez 23;Ps 5–6
Dzień 264;2Sm 17;2Kor 10;Ez 24;Ps 7–8
Dzień 265;2Sm 18;2Kor 11;Ez 25;Ps 9
Dzień 266;2Sm 19;2Kor 12;Ez 26;Ps 10
Dzień 267;2Sm 20;2Kor 13;Ez 27;Ps 11–12
Dzień 268;2Sm 21;Ga 1;Ez 28;Ps 13–14
Dzień 269;2Sm 22;Ga 2;Ez 29;Ps 15–16
Dzień 270;2Sm 23;Ga 3;Ez 30;Ps 17
Dzień 271;2Sm 24;Ga 4;Ez 31;Ps 18
Dzień 272;1Krl 1;Ga 5;Ez 32;Ps 19
Dzień 273;1Krl 2;Ga 6;Ez 33;Ps 20–21
Dzień 274;1Krl 3;Ef 1;Ez 34;Ps 22
Dzień 275;1Krl 4–5;Ef 2;Ez 35;Ps 23–24
Dzień 276;1Krl 6;Ef 3;Ez 36;Ps 25
Dzień 277;1Krl 7;Ef 4;Ez 37;Ps 26–27
Dzień 278;1Krl 8;Ef 5;Ez 38;Ps 28–29
Dzień 279;1Krl 9;Ef 6;Ez 39;Ps 30
Dzień 280;1Krl 10;Flp 1;Ez 40;Ps 31
Dzień 281;1Krl 11;Flp 2;Ez 41;Ps 32
Dzień 282;1Krl 12;Flp 3;Ez 42;Ps 33
Dzień 283;1Krl 13;Flp 4;Ez 43;Ps 34
Dzień 284;1Krl 14;Kol 1;Ez 44;Ps 35
Dzień 285;1Krl 15;Kol 2;Ez 45;Ps 36
Dzień 286;1Krl 16;Kol 3;Ez 46;Ps 37
Dzień 287;1Krl 17;Kol 4;Ez 47;Ps 38
Dzień 288;1Krl 18;1Tes 1;Ez 48;Ps 39
Dzień 289;1Krl 19;1Tes 2;Dn 1;Ps 40–41
Dzień 290;1Krl 20;1Tes 3;Dn 2;Ps 42–43
Dzień 291;1Krl 21;1Tes 4;Dn 3;Ps 44
Dzień 292;1Krl 22;1Tes 5;Dn 4;Ps 45
Dzień 293;2Krl 1;2Tes 1;Dn 5;Ps 46–47
Dzień 294;2Krl 2;2Tes 2;Dn 6;Ps 48
Dzień 295;2Krl 3;2Tes 3;Dn 7;Ps 49
Dzień 296;2Krl 4;1Tm 1;Dn 8;Ps 50
Dzień 297;2Krl 5;1Tm 2;Dn 9;Ps 51
Dzień 298;2Krl 6;1Tm 3;Dn 10;Ps 52–54
Dzień 299;2Krl 7;1Tm 4;Dn 11;Ps 55
Dzień 300;2Krl 8;1Tm 5;Dn 12;Ps 56–57
Dzień 301;2Krl 9;1Tm 6;Oz 1;Ps 58–59
Dzień 302;2Krl 10–11;2Tm 1;Oz 2;Ps 60–61
Dzień 303;2Krl 12;2Tm 2;Oz 3–4;Ps 62–63
Dzień 304;2Krl 13;2Tm 3;Oz 5–6;Ps 64–65
Dzień 305;2Krl 14;2Tm 4;Oz 7;Ps 66–67
Dzień 306;2Krl 15;Tt 1;Oz 8;Ps 68
Dzień 307;2Krl 16;Tt 2;Oz 9;Ps 69
Dzień 308;2Krl 17;Tt 3;Oz 10;Ps 70–71
Dzień 309;2Krl 18;Flm 1;Oz 11;Ps 72
Dzień 310;2Krl 19;Hbr 1;Oz 12;Ps 73
Dzień 311;2Krl 20;Hbr 2;Oz 13;Ps 74
Dzień 312;2Krl 21;Hbr 3;Oz 14;Ps 75–76
Dzień 313;2Krl 22;Hbr 4;Jl 1;Ps 77
Dzień 314;2Krl 23;Hbr 5;Jl 2;Ps 78
Dzień 315;2Krl 24;Hbr 6;Jl 3;Ps 79
Dzień 316;2Krl 25;Hbr 7;Am 1;Ps 80
Dzień 317;1Krn 1–2;Hbr 8;Am 2;Ps 81–82
Dzień 318;1Krn 3–4;Hbr 9;Am 3;Ps 83–84
Dzień 319;1Krn 5–6;Hbr 10;Am 4;Ps 85
Dzień 320;1Krn 7–8;Hbr 11;Am 5;Ps 86
Dzień 321;1Krn 9–10;Hbr 12;Am 6;Ps 87–88
Dzień 322;1Krn 11–12;Hbr 13;Am 7;Ps 89
Dzień 323;1Krn 13–14;Jk 1;Am 8;Ps 90
Dzień 324;1Krn 15;Jk 2;Am 9;Ps 91
Dzień 325;1Krn 16;Jk 3;Ab 1;Ps 92–93
Dzień 326;1Krn 17;Jk 4;Jon 1;Ps 94
Dzień 327;1Krn 18;Jk 5;Jon 2;Ps 95–96
Dzień 328;1Krn 19–20;1P 1;Jon 3;Ps 97–98
Dzień 329;1Krn 21;1P 2;Jon 4;Ps 99–101
Dzień 330;1Krn 22;1P 3;Mi 1;Ps 102
Dzień 331;1Krn 23;1P 4;Mi 2;Ps 103
Dzień 332;1Krn 24–25;1P 5;Mi 3;Ps 104
Dzień 333;1Krn 26–27;2P 1;Mi 4;Ps 105
Dzień 334;1Krn 28;2P 2;Mi 5;Ps 106
Dzień 335;1Krn 29;2P 3;Mi 6;Ps 107
Dzień 336;2Krn 1;1J 1;Mi 7;Ps 108–109
Dzień 337;2Krn 2;1J 2;Na 1;Ps 110–111
Dzień 338;2Krn 3–4;1J 3;Na 2;Ps 112–113
Dzień 339;2Krn 5;1J 4;Na 3;Ps 114–115
Dzień 340;2Krn 6;1J 5;Ha 1;Ps 116
Dzień 341;2Krn 7;2J 1;Ha 2;Ps 117–118
Dzień 342;2Krn 8;3J 1;Ha 3;Ps 119:1–24
Dzień 343;2Krn 9;Jud 1;So 1;Ps 119:25–48
Dzień 344;2Krn 10;Ap 1;So 2;Ps 119:49–72
Dzień 345;2Krn 11–12;Ap 2;So 3;Ps 119:73–96
Dzień 346;2Krn 13;Ap 3;Ag 1;Ps 119:97–120
Dzień 347;2Krn 14–15;Ap 4;Ag 2;Ps 119:121–144
Dzień 348;2Krn 16;Ap 5;Za 1;Ps 119:145–176
Dzień 349;2Krn 17;Ap 6;Za 2;Ps 120–122
Dzień 350;2Krn 18;Ap 7;Za 3;Ps 123–125
Dzień 351;2Krn 19–20;Ap 8;Za 4;Ps 126–128
Dzień 352;2Krn 21;Ap 9;Za 5;Ps 129–131
Dzień 353;2Krn 22–23;Ap 10;Za 6;Ps 132–134
Dzień 354;2Krn 24;Ap 11;Za 7;Ps 135–136
Dzień 355;2Krn 25;Ap 12;Za 8;Ps 137–138
Dzień 356;2Krn 26;Ap 13;Za 9;Ps 139
Dzień 357;2Krn 27–28;Ap 14;Za 10;Ps 140–141
Dzień 358;2Krn 29;Ap 15;Za 11;Ps 142
Dzień 359;2Krn 30;Ap 16;Za 12;Ps 143
Dzień 360;2Krn 31;Ap 17;Za 13;Ps 144
Dzień 361;2Krn 32;Ap 18;Za 14;Ps 145
Dzień 362;2Krn 33;Ap 19;Ml 1;Ps 146–147
Dzień 363;2Krn 34;Ap 20;Ml 2;Ps 148
Dzień 364;2Krn 35;Ap 21;Ml 3;Ps 149
Dzień 365;2Krn 36;Ap 22;Ml 4;Ps 150
